Date,Weekday numeric,,Open,High,Low,Close,Adj Close,Volume,,,,,
5/27/2020,4,FALSE,302.119995,303.570007,296.869995,303.529999,289.946594,104817400,,,,,
5/28/2020,5,fix^,304.649994,306.839996,302.23999,302.970001,289.411743,90405200,,,,,
5/29/2020,6,,302.459991,304.959991,299.470001,304.320007,290.701263,119090800,,,,,
6/1/2020,2,,303.619995,306.209991,303.059998,305.549988,291.87619,55758300,,,,,
6/2/2020,3,,306.549988,308.130005,305.100006,308.079987,294.292999,74267200,,,,,
6/3/2020,4,,310.23999,313.220001,309.940002,312.179993,298.209503,92567600,,,,,
6/4/2020,5,,311.109985,313,309.079987,311.359985,297.426178,75794400,,,,,
6/5/2020,6,,317.230011,321.269989,317.160004,319.339996,305.049042,150524700,,,,,
6/8/2020,2,,320.220001,323.410004,319.630005,323.200012,308.736359,73641200,,,,,
6/9/2020,3,,320.299988,323.279999,319.359985,320.790009,306.434204,77479200,,,,,
6/10/2020,4,,321.420013,322.390015,318.220001,319,304.724304,95000800,,,,,
6/11/2020,5,,311.459991,312.149994,300.01001,300.609985,287.157318,209243600,,,,,
6/12/2020,6,,308.23999,309.079987,298.600006,304.209991,290.596191,194678900,,,,,
6/15/2020,2,,298.019989,308.279999,296.73999,307.049988,293.309082,135782700,,,,,
6/16/2020,3,,315.480011,315.640015,307.670013,312.959991,298.95459,137627500,,,,,
6/17/2020,4,,314.070007,314.390015,310.859985,311.660004,297.71283,83398900,,,,,
6/18/2020,5,,310.01001,312.299988,309.51001,311.779999,297.827393,80828700,,,,,
6/19/2020,6,,314.170013,314.380005,306.529999,308.640015,296.125366,135549600,,,,,
6/22/2020,2,,307.98999,311.049988,306.75,310.619995,298.025055,74649400,,,,,
6/23/2020,3,,313.48999,314.5,311.609985,312.049988,299.397064,68471200,,,,,
6/24/2020,4,,309.839996,310.51001,302.100006,304.089996,291.759857,132813500,,,,,
6/25/2020,5,,303.470001,307.640015,301.279999,307.350006,294.887665,89468000,,,,,
6/26/2020,6,,306.160004,306.390015,299.420013,300.049988,287.883636,127961000,,,,,
6/29/2020,2,,301.410004,304.609985,298.929993,304.459991,292.114807,79773300,,,,,
6/30/2020,3,,303.98999,310.200012,303.820007,308.359985,295.856689,113394800,,,,,
7/1/2020,4,,309.570007,311.890015,309.070007,310.519989,297.929108,72396500,,,,,
7/2/2020,5,,314.23999,315.700012,311.51001,312.230011,299.569794,69344200,,,,,
7/6/2020,2,,316.369995,317.679993,315.559998,317.049988,304.194336,61713800,,,,,
7/7/2020,3,,315.380005,317.519989,313.369995,313.779999,301.056915,82910000,,,,,
7/8/2020,4,,314.609985,316.299988,312.700012,316.179993,303.359558,54638600,,,,,
7/9/2020,5,,316.839996,317.100006,310.679993,314.380005,301.632599,83354200,,,,,
7/10/2020,6,,314.309998,317.880005,312.76001,317.589996,304.712433,57550400,,,,,
7/13/2020,2,,320.130005,322.709991,314.130005,314.839996,302.073975,102997500,,,,,
7/14/2020,3,,313.299988,319.76001,312,318.920013,305.988495,93657000,,,,,
7/15/2020,4,,322.410004,323.040009,319.269989,321.850006,308.799683,87196500,,,,,
7/16/2020,5,,319.790009,321.279999,319.089996,320.790009,307.782654,54622500,,,,,
7/17/2020,6,,321.880005,322.570007,319.73999,321.720001,308.675018,62774900,,,,,
7/20/2020,2,,321.429993,325.130005,320.619995,324.320007,311.169556,56308800,,,,,
7/21/2020,3,,326.450012,326.929993,323.940002,325.01001,311.831604,57292200,,,,,
7/22/2020,4,,324.619995,327.200012,324.5,326.859985,313.606567,57792900,,,,,
7/23/2020,5,,326.470001,327.230011,321.480011,322.959991,309.864746,75738000,,,,,
7/24/2020,6,,320.950012,321.98999,319.25,320.880005,307.869049,73766600,,,,,
7/27/2020,2,,321.630005,323.410004,320.769989,323.220001,310.114166,48293000,,,,,
7/28/2020,3,,322.429993,323.640015,320.850006,321.170013,308.147308,57495000,,,,,
7/29/2020,4,,322.119995,325.730011,322.079987,325.119995,311.937134,48454200,,,,,
7/30/2020,5,,321.899994,324.410004,319.640015,323.959991,310.824158,61861700,,,,,
7/31/2020,6,,325.899994,326.630005,321.329987,326.519989,313.280304,84986800,,,,,
8/3/2020,2,,328.320007,329.619995,327.730011,328.790009,315.458344,53077900,,,,,
8/4/2020,3,,327.859985,330.059998,327.859985,330.059998,316.676849,41917900,,,,,
8/5/2020,4,,331.470001,332.390015,331.179993,332.109985,318.643677,42697700,,,,,
8/6/2020,5,,331.480011,334.459991,331.130005,334.329987,320.773651,43679400,,,,,
8/7/2020,6,,333.279999,334.880005,332.299988,334.570007,321.003937,57308300,,,,,
8/10/2020,2,,335.059998,335.769989,332.959991,335.570007,321.963379,44282100,,,,,
8/11/2020,3,,336.850006,337.540009,332.01001,332.799988,319.305725,69601100,,,,,
8/12/2020,4,,335.440002,338.279999,335.410004,337.440002,323.757568,53774400,,,,,
8/13/2020,5,,336.609985,338.25,335.829987,336.829987,323.172302,41816100,,,,,
8/14/2020,6,,336.410004,337.420013,335.619995,336.839996,323.181915,47260400,,,,,
8/17/2020,2,,337.940002,338.339996,336.850006,337.910004,324.208496,35481000,,,,,
8/18/2020,3,,338.339996,339.100006,336.609985,338.640015,324.908997,38733900,,,,,
8/19/2020,4,,339.049988,339.609985,336.619995,337.230011,323.556091,68054200,,,,,
8/20/2020,5,,335.359985,338.799988,335.220001,338.279999,324.563507,42207800,,,,,
8/21/2020,6,,337.920013,339.720001,337.549988,339.480011,325.714874,55106600,,,,,
8/24/2020,2,,342.119995,343,339.450012,342.920013,329.01535,48588700,,,,,
8/25/2020,3,,343.529999,344.209991,342.269989,344.119995,330.166748,38463400,,,,,
8/26/2020,4,,344.76001,347.859985,344.170013,347.570007,333.476837,50790200,,,,,
8/27/2020,5,,348.51001,349.899994,346.529999,348.329987,334.205963,58034100,,,,,
8/28/2020,6,,349.440002,350.720001,348.149994,350.579987,336.364777,48588900,,,,,
8/31/2020,2,,350.350006,351.299988,349.059998,349.309998,335.146301,66099200,,,,,
9/1/2020,3,,350.209991,352.709991,349.23999,352.600006,338.302887,54908700,,,,,
9/2/2020,4,,354.670013,358.75,353.429993,357.700012,343.196075,69540000,,,,,
9/3/2020,5,,355.869995,356.380005,342.589996,345.390015,331.385254,148011100,,,,,
9/4/2020,6,,346.130005,347.829987,334.869995,342.570007,328.679596,139156300,,,,,
9/8/2020,3,,336.709991,342.640015,332.880005,333.209991,319.699036,114465300,,,,,
9/9/2020,4,,337.549988,342.459991,336.609985,339.790009,326.012299,91462300,,,,,
9/10/2020,5,,341.820007,342.529999,332.850006,333.890015,320.351532,90569500,,,,,
9/11/2020,6,,335.820007,336.970001,331,334.059998,320.514618,84680200,,,,,
9/14/2020,2,,337.48999,340.380005,334.220001,338.459991,324.736206,65605700,,,,,
9/15/2020,3,,341.119995,342.019989,338.470001,340.170013,326.376862,52920900,,,,,
9/16/2020,4,,341.51001,343.059998,338.519989,338.820007,325.081635,82096000,,,,,
9/17/2020,5,,333.559998,337.700012,332.98999,335.839996,322.222443,91523300,,,,,
9/18/2020,6,,335.369995,335.48999,327.970001,330.649994,318.512787,105877900,,,,,
9/21/2020,2,,325.700012,327.130005,321.730011,326.970001,314.967865,99450800,,,,,
9/22/2020,3,,328.570007,330.899994,325.859985,330.299988,318.175629,63612100,,,,,
9/23/2020,4,,330.899994,331.200012,322.100006,322.640015,310.796844,93112200,,,,,
9/24/2020,5,,321.220001,326.799988,319.799988,323.5,311.625305,76681300,,,,,
9/25/2020,6,,322.579987,329.579987,321.640015,328.730011,316.663269,71069400,,,,,
9/28/2020,2,,333.220001,334.959991,332.149994,334.190002,321.922852,64584600,,,,,
9/29/2020,3,,333.970001,334.769989,331.619995,332.369995,320.169647,51304000,,,,,
9/30/2020,4,,333.089996,338.290009,332.880005,334.890015,322.597168,104081100,,,,,
10/1/2020,5,,337.690002,338.73999,335.01001,337.040009,324.668213,88698700,,,,,
10/2/2020,6,,331.700012,337.01001,331.190002,333.839996,321.585724,89431100,,,,,
10/5/2020,2,,336.059998,339.959991,336.01001,339.76001,327.288361,45713100,,,,,
10/6/2020,3,,339.910004,342.170013,334.380005,334.929993,322.635681,90128900,,,,,
10/7/2020,4,,338.119995,341.630005,338.089996,340.76001,328.251709,56999600,,,,,
10/8/2020,5,,342.850006,343.850006,341.859985,343.779999,331.160828,45242500,,,,,
10/9/2020,6,,345.559998,347.350006,344.890015,346.850006,334.118164,59528600,,,,,
10/12/2020,2,,349.589996,354.019989,349.059998,352.429993,339.493378,80388500,,,,,
10/13/2020,3,,352.279999,352.470001,349.089996,350.130005,337.277771,73255500,,,,,
10/14/2020,4,,350.75,351.929993,347.140015,347.929993,335.158478,57727900,,,,,
10/15/2020,5,,343.709991,348.019989,343.130005,347.5,334.744293,60357700,,,,,
10/16/2020,6,,348.959991,350.75,347.100006,347.290009,334.542023,89501900,,,,,
10/19/2020,2,,348.649994,349.329987,341.040009,342.01001,329.455841,68425600,,,,,
10/20/2020,3,,343.459991,346.880005,342.640015,343.380005,330.775513,60051900,,,,,
10/21/2020,4,,343.329987,345.670013,342.399994,342.730011,330.149353,63575000,,,,,
10/22/2020,5,,342.959991,345.23999,340.649994,344.609985,331.960388,55399300,,,,,
10/23/2020,6,,345.929993,345.98999,343.130005,345.779999,333.087463,49143900,,,,,
10/26/2020,2,,342.130005,342.980011,335.619995,339.390015,326.932037,91473000,,,,,
10/27/2020,3,,339.76001,340.119995,337.98999,338.220001,325.804962,65994100,,,,,
10/28/2020,4,,332.100006,338.25,326.130005,326.660004,314.669281,127094300,,,,,
10/29/2020,5,,326.910004,333.399994,325.089996,329.980011,317.867371,90597700,,,,,
10/30/2020,6,,328.279999,329.690002,322.600006,326.540009,314.553619,120287300,,,,,
11/2/2020,2,,330.200012,332.359985,327.23999,330.200012,318.079407,86068300,,,,,
11/3/2020,3,,333.690002,338.25,330.290009,336.029999,323.695343,93294200,,,,,
11/4/2020,4,,340.859985,347.940002,339.589996,343.540009,330.929688,126959700,,,,,
11/5/2020,5,,349.23999,352.190002,348.859985,350.23999,337.383728,82039700,,,,,
11/6/2020,6,,349.929993,351.51001,347.649994,350.160004,337.306641,74973000,,,,,
11/9/2020,2,,363.970001,364.380005,354.059998,354.559998,341.545135,172304200,,,,,
11/10/2020,3,,353.48999,355.179993,350.51001,354.040009,341.044281,85552000,,,,,
11/11/2020,4,,356.399994,357.559998,355.059998,356.670013,343.577728,58649000,,,,,
11/12/2020,5,,355.579987,356.720001,351.26001,353.209991,340.244659,67546200,,,,,
11/13/2020,6,,355.269989,358.899994,354.709991,358.100006,344.955231,62892200,,,,,
11/16/2020,2,,360.980011,362.779999,359.589996,362.570007,349.261108,74541100,,,,,
11/17/2020,3,,359.970001,361.920013,358.339996,360.619995,347.382629,66111000,,,,,
11/18/2020,4,,360.910004,361.5,356.23999,356.279999,343.201965,70591300,,,,,
11/19/2020,5,,355.600006,358.179993,354.149994,357.779999,344.646942,59940900,,,,,
11/20/2020,6,,357.5,357.720001,355.25,355.329987,342.286865,70417300,,,,,
11/23/2020,2,,357.279999,358.820007,354.869995,357.459991,344.338654,63230600,,,,,
11/24/2020,3,,360.209991,363.809998,359.290009,363.220001,349.887268,62415900,,,,,
11/25/2020,4,,363.130005,363.160004,361.480011,362.660004,349.347839,45330900,,,,,
11/27/2020,6,,363.839996,364.179993,362.579987,363.670013,350.320801,28514100,,,,,
11/30/2020,2,,362.829987,363.119995,359.170013,362.059998,348.769836,83872700,,,,,
12/1/2020,3,,365.570007,367.679993,364.929993,366.019989,352.584473,74231400,,,,,
12/2/2020,4,,364.820007,366.959991,364.200012,366.790009,353.326202,45927000,,,,,
12/3/2020,5,,366.679993,368.190002,365.5,366.690002,353.229858,62882000,,,,,
12/4/2020,6,,367.320007,369.850006,367.220001,369.850006,356.273895,50749900,,,,,
12/7/2020,2,,369.019989,369.619995,367.720001,369.089996,355.541779,48944300,,,,,
12/8/2020,3,,367.720001,370.779999,367.670013,370.170013,356.582123,42458900,,,,,
12/9/2020,4,,370.880005,371.049988,365.950012,366.850006,353.384033,74098300,,,,,
12/10/2020,5,,365.369995,367.859985,364.429993,366.730011,353.268402,57735400,,,,,
12/11/2020,6,,364.899994,366.73999,363.26001,366.299988,352.854218,57698600,,,,,
12/14/2020,2,,368.640015,369.799988,364.470001,364.660004,351.274384,69216200,,,,,
12/15/2020,3,,367.399994,369.589996,365.920013,369.589996,356.023407,63865300,,,,,
12/16/2020,4,,369.820007,371.160004,368.869995,370.170013,356.582123,58420500,,,,,
12/17/2020,5,,371.940002,372.459991,371.049988,372.23999,358.576141,64119500,,,,,
12/18/2020,6,,370.970001,371.149994,367.019989,369.179993,357.144379,136542300,,,,,
12/21/2020,2,,364.970001,378.459991,362.029999,367.859985,355.867401,96386700,,,,,
12/22/2020,3,,368.209991,368.329987,366.029999,367.23999,355.267639,47949000,,,,,
12/23/2020,4,,368.279999,369.619995,367.220001,367.570007,355.586914,46201400,,,,,
12/24/2020,5,,368.079987,369.029999,367.450012,369,356.970245,26457900,,,,,
12/28/2020,2,,371.73999,372.589996,371.070007,372.170013,360.036926,39000400,,,,,
12/29/2020,3,,373.809998,374,370.829987,371.459991,359.350098,53680500,,,,,
12/30/2020,4,,372.339996,373.100006,371.570007,371.98999,359.862793,49455300,,,,,
12/31/2020,5,,371.779999,374.660004,371.230011,373.880005,361.691162,78520700,,,,,
1/4/2021,2,,375.309998,375.450012,364.820007,368.790009,356.76712,110210800,,,,,
1/5/2021,3,,368.100006,372.5,368.049988,371.329987,359.224243,66426200,,,,,
1/6/2021,4,,369.709991,376.980011,369.119995,373.549988,361.371918,107997700,,,,,
1/7/2021,5,,376.100006,379.899994,375.910004,379.100006,366.741058,68766800,,,,,
1/8/2021,6,,380.589996,381.48999,377.100006,381.26001,368.830597,71677200,,,,,
1/11/2021,2,,377.850006,380.579987,377.720001,378.690002,366.344391,51034700,,,,,
1/12/2021,3,,378.890015,379.859985,376.359985,378.769989,366.421753,52547700,,,,,
1/13/2021,4,,378.690002,380.859985,377.850006,379.790009,367.408508,45303600,,,,,
1/14/2021,5,,380.589996,381.130005,378.100006,378.459991,366.121826,49989100,,,,,
1/15/2021,6,,376.720001,377.579987,373.700012,375.700012,363.451813,107160000,,,,,
1/19/2021,3,,378.339996,379.230011,376.75,378.649994,366.305664,51233300,,,,,
1/20/2021,4,,381.109985,384.790009,380.690002,383.890015,371.374847,61836100,,,,,
1/21/2021,5,,384.48999,384.950012,383.25,384.23999,371.71344,47840100,,,,,
1/22/2021,6,,382.25,384.130005,381.839996,382.880005,370.397766,52860500,,,,,
1/25/2021,2,,383.670013,384.769989,378.459991,384.390015,371.858582,70402000,,,,,
1/26/2021,3,,385.410004,385.850006,383.540009,383.790009,371.278107,42665300,,,,,
1/27/2021,4,,380.220001,380.320007,372.01001,374.410004,362.203888,123351100,,,,,
1/28/2021,5,,376.359985,381.929993,375.890015,377.630005,365.318939,94198100,,,,,
1/29/2021,6,,375.630005,376.670013,368.269989,370.070007,358.005402,126765100,,,,,
2/1/2021,2,,373.720001,377.339996,370.380005,376.230011,363.964569,75817600,,,,,
2/2/2021,3,,379.649994,383.220001,376.320007,381.549988,369.111145,64450700,,,,,
2/3/2021,4,,382.440002,383.700012,380.480011,381.850006,369.401367,52427100,,,,,
2/4/2021,5,,382.959991,386.23999,381.970001,386.190002,373.599823,47142600,,,,,
2/5/2021,6,,388.200012,388.470001,386.140015,387.709991,375.070282,48669800,,,,,
2/8/2021,2,,389.269989,390.559998,388.350006,390.51001,377.779083,38365200,,,,,
2/9/2021,3,,389.609985,390.890015,389.170013,390.25,377.527527,35551100,,,,,
2/10/2021,4,,392.119995,392.279999,387.5,390.079987,377.363068,59154400,,,,,
2/11/2021,5,,391.23999,391.690002,388.100006,390.709991,377.972473,42913300,,,,,
2/12/2021,6,,389.850006,392.899994,389.769989,392.640015,379.83963,50593300,,,,,
2/16/2021,3,,393.959991,394.170013,391.529999,392.299988,379.510681,50972400,,,,,
2/17/2021,4,,390.420013,392.660004,389.329987,392.390015,379.597748,52290600,,,,,
2/18/2021,5,,389.589996,391.519989,387.73999,390.720001,377.982147,59712800,,,,,
2/19/2021,6,,392.070007,392.380005,389.549988,390.029999,377.314667,83241000,,,,,
2/22/2021,2,,387.059998,389.619995,386.73999,387.029999,374.412476,67414200,,,,,
2/23/2021,3,,384.660004,388.950012,380.200012,387.5,374.867157,107284100,,,,,
2/24/2021,4,,386.329987,392.230011,385.269989,391.769989,378.997986,72433900,,,,,
2/25/2021,5,,390.410004,391.880005,380.779999,382.329987,369.865692,146670500,,,,,
2/26/2021,6,,384.350006,385.579987,378.230011,380.359985,367.95993,152701600,,,,,
3/1/2021,2,,385.589996,390.920013,380.570007,389.579987,376.879333,105348800,,,,,
3/2/2021,3,,389.820007,390.070007,386,386.540009,373.938477,79595300,,,,,
3/3/2021,4,,385.790009,386.829987,381.309998,381.420013,368.985382,119940200,,,,,
3/4/2021,5,,381.220001,384,371.880005,376.700012,364.41925,183433000,,,,,
3/5/2021,6,,380.459991,384.76001,372.640015,383.630005,371.123352,152039600,,,,,
3/8/2021,2,,384.660004,387.679993,381.420013,381.720001,369.275604,123149200,,,,,
3/9/2021,3,,385.850006,389.910004,385.309998,387.170013,374.547974,113633600,,,,,
3/10/2021,4,,389.690002,391.399994,388.170013,389.579987,376.879333,109899400,,,,,
3/11/2021,5,,392.230011,395.649994,391.73999,393.529999,380.700592,86245000,,,,,
3/12/2021,6,,392.070007,394.209991,391.200012,394.059998,381.213287,64653600,,,,,
3/15/2021,2,,394.329987,396.690002,392.029999,396.410004,383.486694,73427200,,,,,
3/16/2021,3,,397.070007,397.829987,395.079987,395.910004,383.002991,73722500,,,,,
3/17/2021,4,,394.529999,398.119995,393.299988,397.26001,384.30899,97959300,,,,,
3/18/2021,5,,394.480011,396.720001,390.75,391.480011,378.717407,115349100,,,,,
3/19/2021,6,,389.880005,391.570007,387.149994,389.480011,378.016663,113624500,,,,,
3/22/2021,2,,390.029999,394.070007,389.970001,392.589996,381.035095,73778600,,,,,
3/23/2021,3,,391.910004,393.459991,388.660004,389.5,378.036072,90686600,,,,,
3/24/2021,4,,391,392.75,387.470001,387.519989,376.114349,97588600,,,,,
3/25/2021,5,,385.980011,390.549988,383.899994,389.700012,378.230194,116128600,,,,,
3/26/2021,6,,390.929993,396.410004,390.290009,395.980011,384.325348,114409100,,,,,
3/29/2021,2,,394.399994,396.75,392.809998,395.779999,384.131256,108107600,,,,,
3/30/2021,3,,394.420013,395.450012,393.019989,394.730011,383.112152,76262200,,,,,
3/31/2021,4,,395.339996,398,395.309998,396.329987,384.665039,112734200,,,,,
4/1/2021,5,,398.399994,400.670013,398.179993,400.609985,388.819092,99682900,,,,,
4/5/2021,2,,403.459991,406.940002,403.380005,406.359985,394.399841,91684800,,,,,
4/6/2021,3,,405.76001,407.23999,405.399994,406.119995,394.166901,62021000,,,,,
4/7/2021,4,,405.940002,406.959991,405.450012,406.589996,394.623077,55836300,,,,,
4/8/2021,5,,407.929993,408.579987,406.929993,408.519989,396.496216,57863100,,,,,
4/9/2021,6,,408.390015,411.670013,408.26001,411.48999,399.378845,61104600,,,,,
4/12/2021,2,,410.850006,411.929993,410.200012,411.640015,399.524475,56704900,,,,,
4/13/2021,3,,411.529999,413.529999,411.119995,412.859985,400.708527,56551000,,,,,
4/14/2021,4,,412.829987,413.959991,410.869995,411.450012,399.340057,61659900,,,,,
4/15/2021,5,,413.73999,416.160004,413.690002,415.869995,403.629883,60229800,,,,,
4/16/2021,6,,417.25,417.910004,415.730011,417.26001,404.979034,82037300,,,,,
4/19/2021,2,,416.26001,416.73999,413.790009,415.209991,402.989349,78498500,,,,,
4/20/2021,3,,413.910004,415.089996,410.589996,412.170013,400.038849,81851800,,,,,
4/21/2021,4,,411.51001,416.290009,411.359985,416.070007,403.824097,66793000,,,,,
4/22/2021,5,,415.890015,416.779999,411.130005,412.269989,400.135925,97582800,,,,,
4/23/2021,6,,412.869995,418.25,412.790009,416.73999,404.474365,73209200,,,,,
4/26/2021,2,,417.440002,418.220001,416.809998,417.609985,405.318756,52182400,,,,,
4/27/2021,3,,417.929993,418.140015,416.299988,417.519989,405.231384,51303100,,,,,
4/28/2021,4,,417.809998,419.01001,416.899994,417.399994,405.114868,51238900,,,,,
4/29/2021,5,,420.320007,420.720001,416.440002,420.059998,407.696594,78544300,,,,,
4/30/2021,6,,417.630005,418.540009,416.339996,417.299988,405.017853,85527000,,,,,
5/3/2021,2,,419.429993,419.839996,417.670013,418.200012,405.891388,68128300,,,,,
5/4/2021,3,,416.070007,416.600006,411.670013,415.619995,403.387299,101591200,,,,,
5/5/2021,4,,417.380005,417.630005,415.149994,415.75,403.513489,60162200,,,,,
5/6/2021,5,,415.829987,419.209991,413.679993,419.070007,406.735779,74321400,,,,,
5/7/2021,6,,419.890015,422.820007,419.160004,422.119995,409.695984,67733800,,,,,
5/10/2021,2,,422.5,422.73999,417.809998,417.940002,405.639069,81852400,,,,,
5/11/2021,3,,413.100006,415.269989,410.059998,414.209991,402.018768,116888000,,,,,
5/12/2021,4,,411.230011,412.589996,404,405.410004,393.477875,134811000,,,,,
5/13/2021,5,,407.070007,412.350006,407.019989,410.279999,398.204498,106394000,,,,,
5/14/2021,6,,413.209991,417.48999,413.179993,416.579987,404.31897,82201600,,,,,
5/17/2021,2,,415.390015,416.390015,413.359985,415.519989,403.290253,65129200,,,,,
5/18/2021,3,,415.799988,416.059998,411.769989,411.940002,399.815643,59810200,,,,,
5/19/2021,4,,406.920013,411.049988,405.329987,410.859985,398.767395,106467100,,,,,
5/20/2021,5,,411.799988,416.630005,411.670013,415.279999,403.057312,78022200,,,,,
5/21/2021,6,,416.869995,418.200012,414.450012,414.940002,402.727295,76578700,,,,,
5/24/2021,2,,417.339996,420.320007,417.079987,419.170013,406.832825,51376700,,,,,
5/25/2021,3,,420.329987,420.709991,417.619995,418.23999,405.930206,57451400,,,,,
5/26/2021,4,,418.869995,419.609985,417.76001,419.070007,406.735779,43088600,,,,,
5/27/2021,5,,420.170013,420.720001,418.98999,419.290009,406.949249,56707700,,,,,
5/28/2021,6,,420.970001,421.25,419.790009,420.040009,407.677216,58520200,,,,,
6/1/2021,3,,422.570007,422.720001,419.200012,419.670013,407.318115,54216600,,,,,
6/2/2021,4,,420.369995,421.230011,419.290009,420.329987,407.958649,49097100,,,,,
6/3/2021,5,,417.850006,419.98999,416.279999,418.769989,406.44458,58138800,,,,,
6/4/2021,6,,420.75,422.920013,418.839996,422.600006,410.161865,55938800,,,,,
6/7/2021,2,,422.589996,422.779999,421.190002,422.190002,409.763947,51555000,,,,,
6/8/2021,3,,423.109985,423.209991,420.320007,422.279999,409.851288,47134300,,,,,
6/9/2021,4,,423.179993,423.26001,421.410004,421.649994,409.239807,48436300,,,,,
6/10/2021,5,,422.959991,424.630005,421.549988,423.609985,411.14212,51020100,,,,,
6/11/2021,6,,424.200012,424.429993,422.820007,424.309998,411.821564,45570800,,,,,
6/14/2021,2,,424.429993,425.369995,423.100006,425.26001,412.743561,42358500,,,,,
6/15/2021,3,,425.420013,425.459991,423.540009,424.480011,411.986572,51508500,,,,,
6/16/2021,4,,424.630005,424.869995,419.920013,422.109985,409.686279,80386100,,,,,
6/17/2021,5,,421.670013,423.019989,419.320007,421.970001,409.550385,90949700,,,,,
6/18/2021,6,,417.089996,417.829987,414.700012,414.920013,404.025421,118676300,,,,,
6/21/2021,2,,416.799988,421.059998,415.929993,420.859985,409.809418,72822000,,,,,
6/22/2021,3,,420.850006,424,420.079987,423.109985,412.000336,57700300,,,,,
6/23/2021,4,,423.190002,424.049988,422.51001,422.600006,411.503723,49445400,,,,,
6/24/2021,5,,424.890015,425.549988,424.619995,425.100006,413.93811,45110300,,,,,
6/25/2021,6,,425.899994,427.089996,425.549988,426.609985,415.408447,58129500,,,,,
6/28/2021,2,,427.170013,427.649994,425.890015,427.470001,416.24585,53159600,,,,,
6/29/2021,3,,427.880005,428.559998,427.130005,427.700012,416.469849,35970500,,,,,
6/30/2021,4,,427.209991,428.779999,427.179993,428.059998,416.820404,64827900,,,,,
7/1/2021,5,,428.869995,430.600006,428.799988,430.429993,419.128143,53441000,,,,,
7/2/2021,6,,431.670013,434.100006,430.519989,433.720001,422.331757,57697700,,,,,
7/6/2021,3,,433.779999,434.01001,430.01001,432.929993,421.5625,68710400,,,,,
7/7/2021,4,,433.660004,434.76001,431.51001,434.459991,423.052307,63549500,,,,,
7/8/2021,5,,428.779999,431.730011,427.519989,430.920013,419.605255,97595200,,,,,
7/9/2021,6,,432.529999,435.839996,430.709991,435.519989,424.084473,76238600,,,,,
7/12/2021,2,,435.429993,437.350006,434.970001,437.079987,425.603516,52889600,,,,,
7/13/2021,3,,436.23999,437.839996,435.309998,435.589996,424.152679,52911300,,,,,
7/14/2021,4,,437.399994,437.920013,434.910004,436.23999,424.785583,64130400,,,,,
7/15/2021,5,,434.809998,435.529999,432.720001,434.75,423.334717,55126400,,,,,
7/16/2021,6,,436.01001,436.059998,430.920013,431.339996,420.014252,75874700,,,,,
7/19/2021,2,,426.190002,431.410004,421.970001,424.970001,413.811493,147987000,,,,,
7/20/2021,3,,425.679993,432.420013,424.829987,431.059998,419.741638,99608200,,,,,
7/21/2021,4,,432.339996,434.700012,431.01001,434.549988,423.139954,64724400,,,,,
7/22/2021,5,,434.73999,435.720001,433.690002,435.459991,424.026093,47878500,,,,,
7/23/2021,6,,437.519989,440.299988,436.790009,439.940002,428.388489,63766600,,,,,
7/26/2021,2,,439.309998,441.029999,439.26001,441.019989,429.440063,43719200,,,,,
7/27/2021,3,,439.910004,439.940002,435.98999,439.01001,427.48288,67397100,,,,,
7/28/2021,4,,439.679993,440.299988,437.309998,438.829987,427.307556,52472400,,,,,
7/29/2021,5,,439.820007,441.799988,439.809998,440.649994,429.079773,47435300,,,,,
7/30/2021,6,,437.910004,440.059998,437.769989,438.51001,426.996033,68951200,,,,,
8/2/2021,2,,440.339996,440.929993,437.209991,437.589996,426.100159,58783300,,,,,
8/3/2021,3,,438.440002,441.279999,436.100006,441.149994,429.566681,58053900,,,,,
8/4/2021,4,,439.779999,441.119995,438.730011,438.980011,427.453644,46732200,,,,,
8/5/2021,5,,440.220001,441.850006,439.880005,441.76001,430.160645,38969700,,,,,
8/6/2021,6,,442.100006,442.940002,441.799988,442.48999,430.87146,46930000,,,,,
8/9/2021,2,,442.459991,442.799988,441.309998,442.130005,430.520966,41222600,,,,,
8/10/2021,3,,442.609985,443.440002,441.880005,442.679993,431.056458,43339300,,,,,
8/11/2021,4,,443.820007,443.880005,442.619995,443.779999,432.127594,44034300,,,,,
8/12/2021,5,,443.619995,445.26001,442.660004,445.109985,433.422699,38909400,,,,,
8/13/2021,6,,445.589996,445.940002,445.070007,445.920013,434.211456,39470300,,,,,
8/16/2021,2,,444.529999,447.109985,442.869995,446.970001,435.233795,73740000,,,,,
8/17/2021,3,,444.23999,444.959991,440.850006,444.040009,432.380798,92673900,,,,,
8/18/2021,4,,442.959991,444.630005,438.920013,439.179993,427.648407,89351900,,,,,
8/19/2021,5,,436.269989,441.140015,436.119995,439.859985,428.310547,92812200,,,,,
8/20/2021,6,,440.230011,443.709991,439.709991,443.359985,431.718597,72008700,,,,,
8/23/2021,2,,445.160004,448.230011,443.440002,447.26001,435.516235,54973000,,,,,
8/24/2021,3,,447.970001,448.540009,447.420013,447.970001,436.20755,38744700,,,,,
8/25/2021,4,,448.170013,449.459991,447.769989,448.910004,437.122925,40529700,,,,,
8/26/2021,5,,448.609985,448.859985,446.160004,446.26001,434.542511,57829600,,,,,
8/27/2021,6,,447.119995,450.649994,447.059998,450.25,438.427704,77235100,,,,,
8/30/2021,2,,450.970001,453.070007,450.709991,452.230011,440.355743,48357400,,,,,
8/31/2021,3,,452.130005,452.48999,450.920013,451.559998,439.703339,59300200,,,,,
9/1/2021,4,,452.559998,453.109985,451.549988,451.799988,439.937042,48721400,,,,,
9/2/2021,5,,453.320007,454.049988,451.910004,453.190002,441.290527,42501000,,,,,
9/3/2021,6,,451.980011,453.630005,451.549988,453.079987,441.18338,47170500,,,,,
9/7/2021,3,,452.709991,452.809998,450.73999,451.459991,439.605957,51671500,,,,,
9/8/2021,4,,450.890015,451.670013,448.859985,450.910004,439.070435,56181900,,,,,
9/9/2021,5,,450.700012,452.570007,448.720001,448.980011,437.191132,57970400,,,,,
9/10/2021,6,,451.040009,451.48999,445.309998,445.440002,433.744019,89948200,,,,,
9/13/2021,2,,448.640015,448.920013,444.109985,446.579987,434.854095,83738600,,,,,
9/14/2021,3,,448.119995,448.339996,443.220001,444.170013,432.507355,78197100,,,,,
9/15/2021,4,,444.619995,448.410004,443.440002,447.880005,436.119995,78792200,,,,,
9/16/2021,5,,447.320007,448.359985,444.019989,447.170013,435.428619,77786700,,,,,
9/17/2021,6,,444.920013,445.369995,441.019989,441.399994,431.187042,118425000,,,,,
9/20/2021,2,,434.880005,436.559998,428.859985,434.040009,423.997375,166445500,,,,,
9/21/2021,3,,436.529999,437.910004,433.070007,433.630005,423.596893,92526100,,,,,
9/22/2021,4,,436.049988,440.029999,433.75,437.859985,427.728943,102350100,,,,,
9/23/2021,5,,439.850006,444.890015,439.600006,443.179993,432.925873,76396000,,,,,
9/24/2021,6,,441.440002,444.670013,441.209991,443.910004,433.639038,62094800,,,,,
9/27/2021,2,,442.809998,444.049988,441.899994,442.640015,432.398376,61371100,,,,,
9/28/2021,3,,439.690002,440.040009,432.940002,433.720001,423.684784,130436300,,,,,
9/29/2021,4,,435.190002,437.040009,433.850006,434.450012,424.397858,82329200,,,,,
9/30/2021,5,,436.019989,436.769989,428.779999,429.140015,419.210754,140506000,,,,,
10/1/2021,6,,430.980011,436.029999,427.230011,434.23999,424.192749,129240100,,,,,
10/4/2021,2,,433,433.959991,426.359985,428.640015,418.722351,128570000,,,,,
10/5/2021,3,,430.23999,435.48999,429.390015,433.100006,423.079102,90682500,,,,,
10/6/2021,4,,429.269989,435.119995,427.540009,434.899994,424.837494,113032200,,,,,
10/7/2021,5,,438.390015,441.679993,438.200012,438.660004,428.510498,72437500,,,,,
10/8/2021,6,,439.480011,439.890015,437.190002,437.859985,427.728943,74557400,,,,,
10/11/2021,2,,437.160004,440.26001,434.619995,434.690002,424.632355,65233300,,,,,
10/12/2021,3,,435.670013,436.100006,432.779999,433.619995,423.587067,71181200,,,,,
10/13/2021,4,,434.709991,436.049988,431.540009,435.179993,425.110962,72974000,,,,,
10/14/2021,5,,439.079987,442.660004,438.579987,442.5,432.261627,70236800,,,,,
10/15/2021,6,,444.75,446.26001,444.089996,445.869995,435.553589,66260200,,,,,
10/18/2021,2,,443.970001,447.549988,443.269989,447.190002,436.843109,62213200,,,,,
10/19/2021,3,,448.920013,450.709991,448.269989,450.640015,440.213287,46996800,,,,,
10/20/2021,4,,451.130005,452.730011,451.01001,452.410004,441.942322,49571600,,,,,
10/21/2021,5,,451.769989,453.829987,451.309998,453.589996,443.095032,41305400,,,,,
10/22/2021,6,,453.130005,454.670013,451.049988,453.119995,442.635895,58845100,,,,,
10/25/2021,2,,454.279999,455.899994,452.390015,455.549988,445.009674,45214500,,,,,
10/26/2021,3,,457.200012,458.48999,455.559998,455.959991,445.410187,56075100,,,,,
10/27/2021,4,,456.450012,457.160004,453.859985,453.940002,443.43692,72438000,,,,,
10/28/2021,5,,455.459991,458.399994,455.450012,458.320007,447.715576,51437900,,,,,
10/29/2021,6,,455.869995,459.559998,455.559998,459.25,448.624054,70162400,,,,,
11/1/2021,2,,460.299988,460.700012,458.200012,460.040009,449.395782,48433600,,,,,
11/2/2021,3,,460.220001,462.230011,460.079987,461.899994,451.212708,48908400,,,,,
11/3/2021,4,,461.299988,465.149994,460.829987,464.720001,453.967529,52509800,,,,,
11/4/2021,5,,465.359985,467,464.98999,466.910004,456.106842,52847100,,,,,
11/5/2021,6,,469.279999,470.649994,466.920013,468.529999,457.689362,66390600,,,,,
11/8/2021,2,,469.700012,470.230011,468.200012,468.929993,458.080078,50405200,,,,,
11/9/2021,3,,469.320007,469.570007,465.880005,467.380005,456.56601,51149100,,,,,
11/10/2021,4,,465.579987,467.380005,462.040009,463.619995,452.892944,69429700,,,,,
11/11/2021,5,,465.209991,465.290009,463.75,463.769989,453.039429,34848500,,,,,
11/12/2021,6,,465.119995,467.859985,464.109985,467.269989,456.458466,53466700,,,,,
11/15/2021,2,,468.640015,468.809998,466.230011,467.429993,456.614777,46980500,,,,,
11/16/2021,3,,467.149994,470.48999,467.070007,469.279999,458.421997,48857500,,,,,
11/17/2021,4,,469,469.190002,467.480011,468.140015,457.30838,47858300,,,,,
11/18/2021,5,,469.23999,470.01001,466.339996,469.730011,458.861603,50625600,,,,,
11/19/2021,6,,469.609985,470.940002,468.5,468.890015,458.041016,57315600,,,,,
11/22/2021,2,,470.890015,473.540009,467.350006,467.570007,456.751556,72762000,,,,,
11/23/2021,3,,467.220001,469.100006,464.450012,468.190002,457.357208,73206500,,,,,
11/24/2021,4,,466.059998,469.570007,465.190002,469.440002,458.578278,61858800,,,,,
11/26/2021,6,,462.339996,463.899994,457.769989,458.970001,448.350586,112669600,,,,,
11/29/2021,2,,464.070007,466.559998,461.730011,464.600006,453.850281,86268800,,,,,
11/30/2021,3,,462,464.029999,455.299988,455.559998,445.01947,148559600,,,,,
12/1/2021,4,,461.640015,464.670013,450.290009,450.5,440.076477,131939200,,,,,
12/2/2021,5,,450.730011,459.070007,450.309998,457.399994,446.816864,127637800,,,,,
12/3/2021,6,,459.170013,460.299988,448.920013,453.420013,442.928955,137331600,,,,,
12/6/2021,2,,456.130005,460.790009,453.559998,458.790009,448.174683,98977500,,,,,
12/7/2021,3,,464.410004,468.880005,458.649994,468.279999,457.445129,95484700,,,,,
12/8/2021,4,,468.700012,470,466.829987,469.519989,458.656433,72238800,,,,,
12/9/2021,5,,468.149994,469.630005,466.140015,466.350006,455.559784,61272600,,,,,
12/10/2021,6,,469.230011,470.899994,466.51001,470.73999,459.848175,77159800,,,,,
12/13/2021,2,,470.190002,470.559998,466.269989,466.570007,455.774719,87724700,,,,,
12/14/2021,3,,463.089996,465.73999,460.25,463.359985,452.638947,97264100,,,,,
12/15/2021,4,,463.420013,470.859985,460.73999,470.600006,459.711487,116899300,,,,,
12/16/2021,5,,472.570007,472.869995,464.799988,466.450012,455.657471,116568600,,,,,
12/17/2021,6,,461.549988,464.73999,458.059998,459.869995,450.807983,135511600,,,,,
12/20/2021,2,,454.480011,455.399994,451.140015,454.980011,446.014374,107134800,,,,,
12/21/2021,3,,458.609985,463.209991,456.309998,463.059998,453.93515,69806300,,,,,
12/22/2021,4,,462.790009,467.809998,462.579987,467.690002,458.473877,58890200,,,,,
12/23/2021,5,,468.75,472.190002,468.640015,470.600006,461.326538,56439700,,,,,
12/27/2021,2,,472.059998,477.309998,472.01001,477.26001,467.855286,56808600,,,,,
12/28/2021,3,,477.720001,478.809998,476.059998,476.869995,467.472961,47274600,,,,,
12/29/2021,4,,476.980011,478.559998,475.920013,477.480011,468.070984,54503000,,,,,
12/30/2021,5,,477.929993,479,475.670013,476.160004,466.776947,55329000,,,,,
12/31/2021,6,,475.640015,476.859985,474.670013,474.959991,465.600616,65237400,,,,,
1/3/2022,2,,476.299988,477.850006,473.850006,477.709991,468.296417,72668200,,,,,
1/4/2022,3,,479.220001,479.980011,475.579987,477.549988,468.139557,71178700,,,,,
1/5/2022,4,,477.160004,477.980011,468.279999,468.380005,459.150299,104538900,,,,,
1/6/2022,5,,467.890015,470.820007,465.429993,467.940002,458.718933,86858900,,,,,
1/7/2022,6,,467.950012,469.200012,464.649994,466.089996,456.905396,85111600,,,,,
1/10/2022,2,,462.700012,465.73999,456.600006,465.51001,456.336823,119362000,,,,,
1/11/2022,3,,465.230011,469.850006,462.049988,469.75,460.493286,74303100,,,,,
1/12/2022,4,,471.589996,473.200012,468.940002,471.019989,461.738251,67605400,,,,,
1/13/2022,5,,472.190002,472.880005,463.440002,464.529999,455.376129,91173100,,,,,
1/14/2022,6,,461.190002,465.089996,459.899994,464.720001,455.562408,95890900,,,,,
1/18/2022,3,,459.73999,459.959991,455.309998,456.48999,447.494568,109709100,,,,,
1/19/2022,4,,458.130005,459.609985,451.459991,451.75,442.847961,109357600,,,,,
1/20/2022,5,,453.75,458.73999,444.5,446.75,437.946533,122379700,,,,,
1/21/2022,6,,445.559998,448.059998,437.950012,437.980011,429.349335,202271200,,,,,
1/24/2022,2,,432.029999,440.380005,420.76001,439.839996,431.172668,251783900,,,,,
1/25/2022,3,,433.059998,439.720001,427.149994,434.470001,425.908478,167997300,,,,,
1/26/2022,4,,440.720001,444.040009,428.859985,433.380005,424.839966,186391100,,,,,
1/27/2022,5,,438.26001,441.589996,429.450012,431.23999,422.742157,149878300,,,,,
1/28/2022,6,,432.679993,442,427.820007,441.950012,433.241119,164457400,,,,,
1/31/2022,2,,441.23999,450.279999,439.809998,449.910004,441.04425,152251400,,,,,
2/1/2022,3,,450.679993,453.630005,446.940002,452.950012,444.024353,123155400,,,,,
2/2/2022,4,,455.5,458.119995,453.049988,457.350006,448.337646,117361000,,,,,
2/3/2022,5,,450.950012,452.970001,445.709991,446.600006,437.799469,118024400,,,,,
2/4/2022,6,,446.350006,452.779999,443.829987,448.700012,439.858124,118454400,,,,,
2/7/2022,2,,449.51001,450.98999,445.850006,447.26001,438.446503,84472900,,,,,
2/8/2022,3,,446.730011,451.920013,445.220001,450.940002,442.053986,81012000,,,,,
2/9/2022,4,,455.220001,457.880005,455.01001,457.540009,448.523865,92589900,,,,,
2/10/2022,5,,451.339996,457.709991,447.200012,449.320007,440.465851,140103700,,,,,
2/11/2022,6,,449.410004,451.609985,438.940002,440.459991,431.780457,153214600,,,,,
2/14/2022,2,,439.920013,441.600006,435.339996,439.019989,430.368805,123006300,,,,,
2/15/2022,3,,443.730011,446.279999,443.179993,446.100006,437.309357,88482700,,,,,
2/16/2022,4,,443.929993,448.059998,441.940002,446.600006,437.799469,84863600,,,,,
2/17/2022,5,,443.220001,446.570007,436.420013,437.059998,428.447449,102259100,,,,,
2/18/2022,6,,437.329987,438.660004,431.820007,434.230011,425.673218,132642900,,,,,
2/22/2022,3,,431.890015,435.5,425.859985,429.570007,421.105042,124391800,,,,,
2/23/2022,4,,432.660004,433.26001,421.350006,421.950012,413.635223,132578000,,,,,
2/24/2022,5,,411.019989,428.76001,410.640015,428.299988,419.860107,213942900,,,,,
2/25/2022,6,,429.609985,437.839996,427.859985,437.75,429.123901,121804500,,,,,
2/28/2022,2,,432.029999,438.200012,430.700012,436.630005,428.025909,145615000,,,,,
3/1/2022,3,,435.040009,437.170013,427.109985,429.980011,421.507019,137785900,,,,,
3/2/2022,4,,432.369995,439.720001,431.570007,437.890015,429.261108,117726500,,,,,
3/3/2022,5,,440.470001,441.109985,433.799988,435.709991,427.124054,105501700,,,,,
3/4/2022,6,,431.75,433.369995,427.880005,432.170013,423.653809,113978200,,,,,
3/7/2022,2,,431.549988,432.299988,419.359985,419.429993,411.164856,137896600,,,,,
3/8/2022,3,,419.619995,427.209991,415.119995,416.25,408.047546,164772700,,,,,
3/9/2022,4,,425.140015,429.51001,422.820007,427.410004,418.98761,116990800,,,,,
3/10/2022,5,,422.519989,426.429993,420.440002,425.480011,417.095673,93972700,,,,,
3/11/2022,6,,428.119995,428.769989,419.529999,420.070007,411.792267,95636300,,,,,
3/14/2022,2,,420.890015,424.549988,415.790009,417,408.782776,95729200,,,,,
3/15/2022,3,,419.769989,426.839996,418.420013,426.170013,417.772064,106219100,,,,,
3/16/2022,4,,429.890015,435.679993,424.799988,435.619995,427.035828,144954800,,,,,
3/17/2022,5,,433.589996,441.070007,433.190002,441.070007,432.378448,102676900,,,,,
3/18/2022,6,,438,444.859985,437.220001,444.519989,437.114197,106345500,,,,,
3/21/2022,2,,444.339996,446.459991,440.679993,444.390015,436.986359,88349800,,,,,
3/22/2022,3,,445.859985,450.579987,445.859985,449.589996,442.099731,74650400,,,,,
3/23/2022,4,,446.910004,448.48999,443.709991,443.799988,436.406158,79426100,,,,,
3/24/2022,5,,445.940002,450.5,444.76001,450.48999,442.984711,64736900,,,,,
3/25/2022,6,,451.160004,452.980011,448.429993,452.690002,445.148071,77101300,,,,,
3/28/2022,2,,452.059998,455.910004,450.059998,455.910004,448.314423,68529800,,,,,
3/29/2022,3,,460.019989,462.070007,457.179993,461.549988,453.860443,86581500,,,,,
3/30/2022,4,,460.339996,461.200012,456.470001,458.700012,451.057953,79666900,,,,,
3/31/2022,5,,457.890015,458.76001,451.160004,451.640015,444.115601,121699900,,,,,
4/1/2022,6,,453.309998,453.459991,449.140015,452.920013,445.374268,89048800,,,,,
4/4/2022,2,,453.130005,456.910004,452.26001,456.799988,449.189606,59601000,,,,,
4/5/2022,3,,455.220001,457.829987,449.820007,451.029999,443.515717,74214500,,,,,
4/6/2022,4,,446.890015,448.929993,443.470001,446.519989,439.080841,106898000,,,,,
4/7/2022,5,,445.589996,450.690002,443.529999,448.769989,441.293396,78097200,,,,,
4/8/2022,6,,447.970001,450.630005,445.940002,447.570007,440.113403,79272700,,,,,
4/11/2022,2,,444.109985,445,439.390015,439.920013,432.590851,89770500,,,,,
4/12/2022,3,,443.079987,445.75,436.649994,438.290009,430.988007,84363600,,,,,
4/13/2022,4,,438.029999,444.109985,437.839996,443.309998,435.924347,74070400,,,,,
4/14/2022,5,,443.549988,444.730011,437.679993,437.790009,430.496307,97869500,,,,,
4/18/2022,2,,436.809998,439.75,435.609985,437.970001,430.67334,66002500,,,,,
4/19/2022,3,,437.859985,445.799988,437.679993,445.040009,437.625519,77821000,,,,,
4/20/2022,4,,446.920013,447.570007,443.480011,444.709991,437.301025,65224400,,,,,
4/21/2022,5,,448.540009,450.01001,437.100006,438.059998,430.76181,85417300,,,,,
4/22/2022,6,,436.910004,438.079987,425.440002,426.040009,418.942078,132471800,,,,,
4/25/2022,2,,423.670013,428.690002,418.839996,428.51001,421.370911,119647700,,,,,
4/26/2022,3,,425.829987,426.040009,416.070007,416.100006,409.167694,103996300,,,,,
4/27/2022,4,,417.23999,422.920013,415.01001,417.269989,410.318176,122030000,,,,,
4/28/2022,5,,422.290009,429.640015,417.600006,427.809998,420.682617,105449100,,,,,
4/29/2022,6,,423.589996,425.869995,411.209991,412,405.136017,145491100,,,,,
5/2/2022,2,,412.070007,415.920013,405.019989,414.480011,407.574677,158312500,,,,,
5/3/2022,3,,415.01001,418.929993,413.359985,416.380005,409.443054,100028200,,,,,
5/4/2022,4,,417.079987,429.660004,413.709991,429.059998,421.911743,144247900,,,,,
5/5/2022,5,,424.549988,425,409.440002,413.809998,406.915833,172929100,,,,,
5/6/2022,6,,411.100006,414.799988,405.730011,411.339996,404.486969,151770800,,,,,
5/9/2022,2,,405.100006,406.410004,396.5,398.170013,391.536407,155586100,,,,,
5/10/2022,3,,404.48999,406.079987,394.820007,399.089996,392.44104,132497200,,,,,
5/11/2022,4,,398.070007,404.040009,391.959991,392.75,386.206726,142361000,,,,,
5/12/2022,5,,389.369995,395.799988,385.149994,392.339996,385.803528,125090800,,,,,
5/13/2022,6,,396.709991,403.179993,395.609985,401.720001,395.027252,104174400,,,,,
5/16/2022,2,,399.980011,403.970001,397.600006,400.089996,393.424408,78622400,,,,,
5/17/2022,3,,406.529999,408.570007,402.579987,408.320007,401.517334,83029700,,,,,
5/18/2022,4,,403.5,403.799988,390.549988,391.859985,385.331482,117674500,,,,,
5/19/2022,5,,388.619995,394.140015,387.109985,389.459991,382.971497,98510700,,,,,
5/20/2022,6,,393.25,397.029999,380.540009,389.630005,383.138672,131432200,,,,,
5/23/2022,2,,392.829987,397.730011,390.380005,396.920013,390.307251,76414900,,,,,
5/24/2022,3,,392.559998,395.149994,386.959991,393.890015,387.327728,91448800,,,,,
5/25/2022,4,,392.309998,399.450012,391.890015,397.369995,390.749725,91472900,,,,,
5/26/2022,5,,398.670013,407.040009,398.450012,405.309998,398.557434,82168300,,,,,
5/27/2022,6,,407.910004,415.380005,407.700012,415.26001,408.341675,84768700,,,,,
5/31/2022,3,,413.549988,416.459991,410.029999,412.929993,406.050476,95937000,,,,,
6/1/2022,4,,415.170013,416.23999,406.929993,409.589996,402.766144,86585800,,,,,
6/2/2022,5,,409.420013,417.440002,407.040009,417.390015,410.436188,79609600,,,,,
6/3/2022,6,,412.399994,414.040009,409.51001,410.540009,403.700317,71874300,,,,,
6/6/2022,2,,414.779999,416.609985,410.549988,411.790009,404.929504,57508900,,,,,
6/7/2022,3,,408.100006,416.220001,407.609985,415.73999,408.81366,59272400,,,,,
6/8/2022,4,,413.929993,415.820007,410.380005,411.220001,404.368988,64350000,,,,,
6/9/2022,5,,409.339996,411.73999,401.440002,401.440002,394.751923,86289800,,,,,
6/10/2022,6,,394.880005,395.779999,389.75,389.799988,383.305847,132893900,,,,,
6/13/2022,2,,379.850006,381.809998,373.299988,375,368.752441,170004900,,,,,
6/14/2022,3,,376.850006,377.940002,370.589996,373.869995,367.641235,104011800,,,,,
6/15/2022,4,,377.359985,383.899994,372.119995,379.200012,372.882477,125666800,,,,,
6/16/2022,5,,370.51001,370.940002,364.079987,366.649994,360.541534,134473300,,,,,
6/17/2022,6,,365.51001,369.380005,362.170013,365.859985,361.318756,111113900,,,,,
6/21/2022,3,,371.890015,376.529999,371.809998,375.070007,370.414459,76811900,,,,,
6/22/2022,4,,370.619995,378.720001,370.179993,374.390015,369.74292,90059400,,,,,
6/23/2022,5,,376.640015,378.829987,372.890015,378.059998,373.36734,79292100,,,,,
6/24/2022,6,,381.399994,390.089996,381.369995,390.079987,385.238129,98050300,,,,,
6/27/2022,2,,391.049988,391.359985,387.440002,388.589996,383.766632,66009600,,,,,
6/28/2022,3,,390.230011,393.160004,380.529999,380.649994,375.925171,86548900,,,,,
6/29/2022,4,,381.230011,382.269989,378.420013,380.339996,375.619019,65676000,,,,,
6/30/2022,5,,376.23999,380.660004,372.559998,377.25,372.567383,112508300,,,,,
7/1/2022,6,,376.559998,381.700012,373.799988,381.23999,376.507874,74839700,,,,,
7/5/2022,3,,375.880005,381.980011,372.899994,381.959991,377.218903,81438000,,,,,
7/6/2022,4,,382.109985,385.869995,379.600006,383.25,378.49292,70426200,,,,,
7/7/2022,5,,385.119995,389.829987,383.269989,388.98999,384.161682,64525900,,,,,
7/8/2022,6,,387.269989,390.640015,385.660004,388.670013,383.845642,72397800,,,,,
7/11/2022,2,,385.850006,386.869995,383.5,384.230011,379.460785,58366900,,,,,
7/12/2022,3,,383.649994,386.160004,378.98999,380.829987,376.102966,62219200,,,,,
7/13/2022,4,,375.100006,381.920013,374.660004,378.829987,374.127777,84224600,,,,,
7/14/2022,5,,373.609985,379.049988,371.040009,377.910004,373.219208,89704800,,,,,
7/15/2022,6,,382.549988,385.25,380.540009,385.130005,380.349579,79060400,,,,,
7/18/2022,2,,388.380005,389.089996,380.660004,381.950012,377.209076,63203600,,,,,
7/19/2022,3,,386.079987,392.869995,385.390015,392.269989,387.40097,78506000,,,,,
7/20/2022,4,,392.470001,396.26001,391.029999,394.769989,389.869904,71843800,,,,,
7/21/2022,5,,394.160004,398.839996,391.630005,398.790009,393.840027,64903900,,,,,
7/22/2022,6,,398.920013,400.179993,392.75,395.089996,390.185944,72197300,,,,,
7/25/2022,2,,395.75,396.470001,393.209991,395.570007,390.660004,53631500,,,,,
7/26/2022,3,,393.839996,394.059998,389.950012,390.890015,386.038086,52946400,,,,,
7/27/2022,4,,394.359985,402.880005,394.049988,401.040009,396.062103,82342100,,,,,
7/28/2022,5,,401.890015,406.799988,398.149994,406.070007,401.029663,73966600,,,,,
7/29/2022,6,,407.579987,413.029999,406.769989,411.98999,406.87616,87003700,,,,,
8/1/2022,2,,409.149994,413.410004,408.399994,410.769989,405.671326,69997500,,,,,
8/2/2022,3,,409.119995,413,406.820007,408.059998,402.994965,63435400,,,,,
8/3/2022,4,,410.299988,415.679993,410,414.450012,409.305634,67820600,,,,,
8/4/2022,5,,414.369995,415.089996,412.440002,414.170013,409.029114,45656600,,,,,
8/5/2022,6,,409.660004,414.149994,409.600006,413.470001,408.33783,56814900,,,,,
8/8/2022,2,,415.25,417.619995,411.829987,412.98999,407.863739,53886100,,,,,
8/9/2022,3,,412.220001,412.75,410.220001,411.350006,406.244141,44931800,,,,,
8/10/2022,4,,418.779999,420.140015,416.720001,419.98999,414.776886,68665700,,,,,
8/11/2022,5,,422.98999,424.950012,419.209991,419.98999,414.776886,59489700,,,,,
8/12/2022,6,,422.029999,427.209991,421.029999,427.100006,421.798645,61694500,,,,,
8/15/2022,2,,424.769989,429.410004,424.709991,428.859985,423.536774,54048300,,,,,
8/16/2022,3,,427.730011,431.730011,426.880005,429.700012,424.366364,59289000,,,,,
8/17/2022,4,,425.910004,429.5,424.540009,426.649994,421.354187,63563400,,,,,
8/18/2022,5,,426.859985,428.609985,425.5,427.890015,422.578827,49023200,,,,,
8/19/2022,6,,424.980011,425.26001,421.220001,422.140015,416.900238,68016900,,,,,
8/22/2022,2,,417.049988,417.230011,412.399994,413.350006,408.219299,77695600,,,,,
8/23/2022,3,,412.899994,415.420013,411.769989,412.350006,407.23172,49105200,,,,,
8/24/2022,4,,412.109985,415.109985,411.390015,413.670013,408.535339,49177800,,,,,
8/25/2022,5,,415.23999,419.559998,414.089996,419.51001,414.302856,50942300,,,,,
8/26/2022,6,,419.390015,419.959991,405.25,405.309998,400.279083,103087000,,,,,
8/29/2022,2,,402.200012,405.839996,401.200012,402.630005,397.632385,65370800,,,,,
8/30/2022,3,,403.850006,404.100006,396,398.209991,393.267212,85652400,,,,,
8/31/2022,4,,399.929993,401.23999,395.040009,395.179993,390.274841,76029700,,,,,
9/1/2022,5,,392.890015,396.779999,390.040009,396.420013,391.499451,78740100,,,,,
9/2/2022,6,,400.279999,401.559998,390.329987,392.23999,387.371338,99632100,,,,,
9/6/2022,3,,393.130005,394.119995,388.420013,390.76001,385.909698,76637400,,,,,
9/7/2022,4,,390.429993,398.589996,390.200012,397.779999,392.84256,70964200,,,,,
9/8/2022,5,,395.390015,400.859985,394.119995,400.380005,395.410309,80821700,,,,,
9/9/2022,6,,402.73999,407.51001,402.459991,406.600006,401.553101,76706900,,,,,
9/12/2022,2,,408.779999,411.730011,408.459991,410.970001,405.868866,69256300,,,,,
9/13/2022,3,,401.829987,403.100006,391.920013,393.100006,388.220642,122947100,,,,,
9/14/2022,4,,394.470001,396.200012,391.119995,394.600006,389.702057,85023700,,,,,
9/15/2022,5,,392.959991,395.959991,388.779999,390.119995,385.277649,87633800,,,,,
9/16/2022,6,,384.140015,386.25,382.109985,385.559998,382.338409,103084800,,,,,
9/19/2022,2,,382.26001,388.549988,382.179993,388.549988,385.303406,73278500,,,,,
9/20/2022,3,,385.059998,386.119995,381.200012,384.089996,380.880676,77274900,,,,,
9/21/2022,4,,386.109985,389.309998,377.380005,377.390015,374.236664,106746600,,,,,
9/22/2022,5,,376.579987,378.299988,373.440002,374.220001,371.09314,89472600,,,,,
9/23/2022,6,,370.579987,370.619995,363.290009,367.950012,364.875549,122346900,,,,,
9/26/2022,2,,366.410004,370.209991,363.029999,364.309998,361.26593,92581200,,,,,
9/27/2022,3,,368.019989,370.399994,360.869995,363.380005,360.34375,108294100,,,,,
9/28/2022,4,,364.380005,372.299988,362.600006,370.529999,367.43399,110802200,,,,,
9/29/2022,5,,366.809998,367.109985,359.700012,362.790009,359.758667,112952300,,,,,
9/30/2022,6,,361.799988,365.910004,357.040009,357.179993,354.195526,153711200,,,,,
10/3/2022,2,,361.079987,368.549988,359.209991,366.609985,363.546722,89756500,,,,,
10/4/2022,3,,372.399994,378,366.570007,377.970001,374.811798,103602800,,,,,
10/5/2022,4,,373.390015,379.459991,370.950012,377.089996,373.939148,88065700,,,,,
10/6/2022,5,,375.619995,378.720001,372.679993,373.200012,370.081696,82333500,,,,,
10/7/2022,6,,368.970001,373.290009,360.940002,362.790009,359.758667,107789500,,,,,
10/10/2022,2,,363.959991,364.209991,357.670013,360.019989,357.01178,76042800,,,,,
10/11/2022,3,,358.23999,363.029999,355.709991,357.73999,354.750854,92482800,,,,,
10/12/2022,4,,358.170013,359.820007,356.299988,356.559998,353.580688,76991800,,,,,
10/13/2022,5,,349.209991,367.51001,348.109985,365.970001,362.912079,147254500,,,,,
10/14/2022,6,,368.549988,370.26001,356.959991,357.630005,354.641785,123737000,,,,,
10/17/2022,2,,364.01001,367.980011,357.279999,366.820007,363.755005,93168200,,,,,
10/18/2022,3,,375.130005,375.450012,367.519989,371.130005,368.028961,97162900,,,,,
10/19/2022,4,,368.98999,371.850006,365.549988,368.5,365.420959,79746900,,,,,
10/20/2022,5,,368.029999,372.670013,364.609985,365.410004,362.356781,88283100,,,,,
10/21/2022,6,,365.119995,374.799988,363.540009,374.290009,371.162598,131038400,,,,,
10/24/2022,2,,375.890015,380.059998,373.109985,378.869995,375.704315,85436900,,,,,
10/25/2022,3,,378.790009,385.25,378.670013,384.920013,381.703735,78846300,,,,,
10/26/2022,4,,381.619995,387.579987,381.350006,382.019989,378.827972,104087300,,,,,
10/27/2022,5,,383.070007,385,379.329987,379.980011,376.805023,81971800,,,,,
10/28/2022,6,,379.869995,389.519989,379.679993,389.019989,385.76947,100302000,,,,,
10/31/2022,2,,386.440002,388.399994,385.26001,386.209991,382.982941,96631300,,,,,
11/1/2022,3,,390.140015,390.390015,383.290009,384.519989,381.307068,85407600,,,,,
11/2/2022,4,,383.899994,388.630005,374.76001,374.869995,371.737732,126990400,,,,,
11/3/2022,5,,371.470001,374.200012,368.790009,371.01001,367.909973,87100100,,,,,
11/4/2022,6,,377,378.869995,370,376.350006,373.205353,103505200,,,,,
11/7/2022,2,,377.709991,380.570007,375.529999,379.950012,376.775299,68286900,,,,,
11/8/2022,3,,381.109985,385.119995,377.720001,382,378.808136,84641100,,,,,
11/9/2022,4,,379.929993,381.140015,373.609985,374.130005,371.003906,78495500,,,,,
11/10/2022,5,,388.049988,395.040009,385.640015,394.690002,391.39212,141455800,,,,,
11/11/2022,6,,395.589996,399.350006,393.609985,398.51001,395.180206,93839900,,,,,
11/14/2022,2,,396.660004,400.179993,394.829987,395.119995,391.818512,71903500,,,,,
11/15/2022,3,,401.149994,402.309998,394.48999,398.48999,395.160339,93194500,,,,,
11/16/2022,4,,396.779999,397.779999,394.790009,395.450012,392.145752,68508500,,,,,
11/17/2022,5,,390.459991,394.950012,390.140015,394.23999,390.945862,74496300,,,,,
11/18/2022,6,,397.73999,397.809998,393.040009,396.029999,392.720917,92922500,,,,,
11/21/2022,2,,394.640015,395.820007,392.660004,394.589996,391.292938,51243200,,,,,
11/22/2022,3,,396.630005,400.070007,395.149994,399.899994,396.558594,60429000,,,,,
11/23/2022,4,,399.549988,402.929993,399.309998,402.420013,399.057526,68261600,,,,,
11/25/2022,6,,401.829987,402.910004,401.540009,402.329987,398.968262,30545400,,,,,
11/28/2022,2,,399.089996,400.809998,395.109985,395.910004,392.601898,67881600,,,,,
11/29/2022,3,,396.049988,397.299988,393.299988,395.230011,391.927612,52310000,,,,,
11/30/2022,4,,395.48999,407.679993,393.480011,407.679993,404.27356,144566700,,,,,
12/1/2022,5,,408.769989,410,404.75,407.380005,403.976074,76398200,,,,,
12/2/2022,6,,402.25,407.859985,402.140015,406.910004,403.51001,85342700,,,,,
12/5/2022,2,,403.950012,404.929993,398.170013,399.589996,396.25116,77289800,,,,,
12/6/2022,3,,399.420013,399.98999,391.640015,393.829987,390.539276,77972200,,,,,
12/7/2022,4,,392.940002,395.640015,391.970001,393.160004,389.874878,65927900,,,,,
12/8/2022,5,,395.140015,397.359985,393.269989,396.23999,392.929138,60737900,,,,,
12/9/2022,6,,394.940002,397.619995,393.149994,393.279999,389.993896,81447700,,,,,
12/12/2022,2,,394.109985,398.950012,393.410004,398.950012,395.616516,75405800,,,,,
12/13/2022,3,,410.220001,410.48999,399.070007,401.970001,398.611298,123782500,,,,,
12/14/2022,4,,401.609985,405.5,396.309998,399.399994,396.062775,108111300,,,,,
12/15/2022,5,,394.299988,395.25,387.890015,389.630005,386.37439,117705900,,,,,
12/16/2022,6,,385.179993,386.579987,381.040009,383.269989,381.812805,119858000,,,,,
12/19/2022,2,,383.470001,383.820007,378.279999,380.019989,378.575165,79878100,,,,,
12/20/2022,3,,379.230011,382.230011,377.850006,380.540009,379.093201,74427200,,,,,
12/21/2022,4,,383.25,387.410004,382.690002,386.230011,384.761566,78167400,,,,,
12/22/2022,5,,383.049988,386.209991,374.769989,380.720001,379.272491,100120900,,,,,
12/23/2022,6,,379.649994,383.059998,378.029999,382.910004,381.454193,59857300,,,,,
12/27/2022,3,,382.790009,383.149994,379.649994,381.399994,379.949921,51638200,,,,,
12/28/2022,4,,381.329987,383.390015,376.420013,376.660004,375.227936,70911500,,,,,
12/29/2022,5,,379.630005,384.350006,379.079987,383.440002,381.982178,66970900,,,,,
12/30/2022,6,,380.640015,382.579987,378.429993,382.429993,380.975983,84022200,,,,,
1/3/2023,3,,384.369995,386.429993,377.829987,380.820007,379.372131,74850700,,,,,
1/4/2023,4,,383.179993,385.880005,380,383.76001,382.300964,85934100,,,,,
1/5/2023,5,,381.720001,381.839996,378.76001,379.380005,377.937592,76970500,,,,,
1/6/2023,6,,382.609985,389.25,379.410004,388.079987,386.604492,104189600,,,,,
1/9/2023,2,,390.369995,393.700012,387.670013,387.859985,386.385345,73978100,,,,,
1/10/2023,3,,387.25,390.649994,386.269989,390.579987,389.095001,65358100,,,,,
1/11/2023,4,,392.230011,395.600006,391.380005,395.519989,394.016235,68881100,,,,,
1/12/2023,5,,396.670013,398.48999,392.420013,396.959991,395.450745,90157700,,,,,
1/13/2023,6,,393.619995,399.100006,393.339996,398.5,396.984894,63903900,,,,,
1/17/2023,3,,398.480011,400.230011,397.059998,397.769989,396.25766,62677300,,,,,
1/18/2023,4,,399.01001,400.119995,391.279999,391.48999,390.001556,99632300,,,,,
1/19/2023,5,,389.359985,391.079987,387.26001,388.640015,387.162415,86958900,,,,,
1/20/2023,6,,390.100006,396.040009,388.380005,395.880005,394.374878,91806400,,,,,
1/23/2023,2,,396.720001,402.649994,395.720001,400.630005,399.106812,84178800,,,,,
1/24/2023,3,,398.880005,401.149994,397.640015,400.200012,398.678436,59524900,,,,,
1/25/2023,4,,395.950012,400.700012,393.559998,400.350006,398.827881,84800300,,,,,
1/26/2023,5,,403.130005,404.920013,400.029999,404.75,403.211151,72287400,,,,,
1/27/2023,6,,403.660004,408.160004,403.440002,405.679993,404.137604,68346200,,,,,
1/30/2023,2,,402.799988,405.130005,400.279999,400.589996,399.066956,74202000,,,,,
1/31/2023,3,,401.130005,406.529999,400.769989,406.480011,404.93457,86811800,,,,,
2/1/2023,4,,405.209991,413.670013,402.350006,410.799988,409.238129,101459200,,,,,
2/2/2023,5,,414.859985,418.309998,412.880005,416.779999,415.195404,101654500,,,,,
2/3/2023,6,,411.589996,416.970001,411.089996,412.350006,410.782257,94736800,,,,,
2/6/2023,2,,409.790009,411.290009,408.100006,409.829987,408.27182,60295300,,,,,
2/7/2023,3,,408.869995,416.48999,407.570007,415.190002,413.61145,90990700,,,,,
2/8/2023,4,,413.130005,414.529999,409.929993,410.649994,409.088715,76227500,,,,,
2/9/2023,5,,414.410004,414.570007,405.809998,407.089996,405.542236,78694900,,,,,
2/10/2023,6,,405.859985,408.440002,405.01001,408.040009,406.488647,70769700,,,,,
2/13/2023,2,,408.720001,412.970001,408.23999,412.829987,411.260406,64913500,,,,,
2/14/2023,3,,411.23999,415.049988,408.51001,412.640015,411.071167,88389300,,,,,
2/15/2023,4,,410.350006,414.059998,409.470001,413.980011,412.406067,61555700,,,,,
2/16/2023,5,,408.790009,412.910004,408.140015,408.279999,406.727722,76431500,,,,,
2/17/2023,6,,406.059998,407.51001,404.049988,407.26001,405.711609,89257800,,,,,
2/21/2023,3,,403.059998,404.160004,398.820007,399.089996,397.572662,82655900,,,,,
2/22/2023,4,,399.519989,401.130005,397.019989,398.540009,397.02475,83742300,,,,,
2/23/2023,5,,401.559998,402.200012,396.25,400.660004,399.136688,96242400,,,,,
2/24/2023,6,,395.420013,397.25,393.640015,396.380005,394.872955,108194400,,,,,
2/27/2023,2,,399.869995,401.290009,396.75,397.730011,396.217834,80444700,,,,,
2/28/2023,3,,397.230011,399.279999,396.149994,396.26001,394.753418,96438600,,,,,
3/1/2023,4,,395.410004,396.690002,393.380005,394.73999,393.239197,99706800,,,,,
3/2/2023,5,,392.679993,398.690002,392.329987,397.809998,396.297516,85127800,,,,,
3/3/2023,6,,399.709991,404.450012,399.029999,404.190002,402.653259,90120000,,,,,
3/6/2023,2,,405.049988,407.450012,404.01001,404.470001,402.93222,72795900,,,,,
3/7/2023,3,,404.420013,404.670013,397.630005,398.269989,396.755768,108310600,,,,,
3/8/2023,4,,398.390015,399.709991,396.589996,398.920013,397.40332,74746600,,,,,
3/9/2023,5,,399.73999,401.480011,390.529999,391.559998,390.071289,111945300,,,,,
3/10/2023,6,,390.98999,393.160004,384.320007,385.910004,384.44278,189253000,,,,,
3/13/2023,2,,381.809998,390.390015,380.649994,385.359985,383.894836,157790000,,,,,
3/14/2023,3,,390.5,393.450012,387.049988,391.730011,390.240662,149752400,,,,,
3/15/2023,4,,385.890015,389.48999,383.709991,389.279999,387.799957,172996900,,,,,
3/16/2023,5,,386.820007,396.470001,386.290009,396.109985,394.603973,143254200,,,,,
3/17/2023,6,,393.220001,394.399994,388.549988,389.98999,389.98999,140553400,,,,,
3/20/2023,2,,390.799988,394.170013,390.070007,393.73999,393.73999,93055800,,,,,
3/21/2023,3,,397.23999,399.410004,395.579987,398.910004,398.910004,91524200,,,,,
3/22/2023,4,,398.730011,402.48999,392.070007,392.109985,392.109985,111746600,,,,,
3/23/2023,5,,395.089996,399.290009,390.350006,393.170013,393.170013,119351300,,,,,
3/24/2023,6,,391.839996,395.839996,389.399994,395.75,395.75,107682400,,,,,
3/27/2023,2,,398.119995,398.920013,395.559998,396.48999,396.48999,74010400,,,,,
3/28/2023,3,,395.769989,396.48999,393.690002,395.600006,395.600006,62871700,,,,,
3/29/2023,4,,399.929993,401.600006,398.679993,401.350006,401.350006,77497900,,,,,
3/30/2023,5,,404.089996,404.350006,401.76001,403.700012,403.700012,69840000,,,,,
3/31/2023,6,,404.660004,409.700012,404.549988,409.390015,409.390015,112062600,,,,,
4/3/2023,2,,408.850006,411.369995,408.440002,410.950012,410.950012,67391100,,,,,
4/4/2023,3,,411.619995,411.920013,407.23999,408.670013,408.670013,66601500,,,,,
4/5/2023,4,,407.910004,408.700012,405.880005,407.600006,407.600006,65200200,,,,,
4/6/2023,5,,406.769989,409.480011,405.679993,409.190002,409.190002,63743300,,,,,
4/10/2023,2,,406.609985,409.690002,405.970001,409.609985,409.609985,63681000,,,,,
4/11/2023,3,,410.26001,411.179993,408.920013,409.720001,409.720001,59297900,,,,,
4/12/2023,4,,411.869995,412.170013,407.440002,408.049988,408.049988,86420400,,,,,
4/13/2023,5,,409.179993,413.839996,407.98999,413.470001,413.470001,85814800,,,,,
4/14/2023,6,,412.809998,415.089996,410.059998,412.459991,412.459991,78161500,,,,,
4/17/2023,2,,412.369995,413.959991,411.089996,413.940002,413.940002,66436400,,,,,
4/18/2023,3,,415.579987,415.720001,412.779999,414.209991,414.209991,63560000,,,,,
4/19/2023,4,,412.220001,415.079987,412.160004,414.140015,414.140015,55227300,,,,,
4/20/2023,5,,411.209991,413.700012,410.269989,411.880005,411.880005,75840400,,,,,
4/21/2023,6,,412.190002,412.679993,410.170013,412.200012,412.200012,73457400,,,,,
4/24/2023,2,,411.98999,413.070007,410.600006,412.630005,412.630005,64332100,,,,,
4/25/2023,3,,410.579987,411.160004,406.019989,406.079987,406.079987,97766700,,,,,
4/26/2023,4,,406.720001,407.839996,403.779999,404.359985,404.359985,80447000,,,,,
4/27/2023,5,,407,412.690002,406.73999,412.410004,412.410004,92968400,,,,,
4/28/2023,6,,411.48999,415.940002,411.429993,415.929993,415.929993,89335600,,,,,
5/1/2023,2,,415.470001,417.619995,415.269989,415.51001,415.51001,62122300,,,,,
5/2/2023,3,,414.769989,414.820007,407.820007,410.839996,410.839996,103998500,,,,,
5/3/2023,4,,411.359985,413.869995,407.769989,408.019989,408.019989,91531800,,,,,
5/4/2023,5,,406.929993,407.269989,403.73999,405.130005,405.130005,94901900,,,,,
5/5/2023,6,,408.910004,413.720001,408.640015,412.630005,412.630005,87844000,,,,,
5/8/2023,2,,412.970001,413.23999,411.279999,412.73999,412.73999,50046800,,,,,
5/9/2023,3,,411.130005,412.089996,410.690002,410.929993,410.929993,49220100,,,,,
5/10/2023,4,,413.880005,414.540009,408.869995,412.850006,412.850006,96142900,,,,,
5/11/2023,5,,411.950012,412.429993,409.970001,412.130005,412.130005,70157100,,,,,
5/12/2023,6,,413.420013,413.640015,409.070007,411.589996,411.589996,70439400,,,,,
5/15/2023,2,,412.220001,413.429993,410.230011,413.01001,413.01001,54289400,,,,,
5/16/2023,3,,411.859985,412.820007,410.23999,410.25,410.25,57705500,,,,,
5/17/2023,4,,412.350006,415.859985,410.640015,415.230011,415.230011,87287000,,,,,
5/18/2023,5,,414.899994,419.670013,414.670013,419.230011,419.230011,97177200,,,,,
5/19/2023,6,,420.170013,420.720001,417.350006,418.619995,418.619995,103679700,,,,,
5/22/2023,2,,418.640015,420.390015,417.350006,418.790009,418.790009,60745400,,,,,
5/23/2023,3,,417.079987,418.720001,413.679993,414.089996,414.089996,86383500,,,,,
5/24/2023,4,,412.420013,412.820007,409.880005,411.089996,411.089996,89213700,,,,,
5/25/2023,5,,414.73999,416.160004,412.410004,414.649994,414.649994,90961600,,,,,
5/26/2023,6,,415.329987,420.769989,415.25,420.019989,420.019989,93695500,,,,,
